Model,Topsis Score,Rank
C,0.6051395994426102,1.0
A,0.4718438635285177,2.0
B,0.46125934673837965,3.0
